<?xml version="1.0" encoding="UTF-8"?>
<project-private xmlns="http://www.netbeans.org/ns/project-private/1">
    <editor-bookmarks xmlns="http://www.netbeans.org/ns/editor-bookmarks/2" lastBookmarkId="0"/>
    <open-files xmlns="http://www.netbeans.org/ns/projectui-open-files/2">
        <group>
            <file>file:/C:/Users/NiviPillay/Documents/NetBeansProjects/InvestecApp/src/investecapp/Question2_methods.java</file>
            <file>file:/C:/Users/NiviPillay/Documents/NetBeansProjects/InvestecApp/src/investecapp/HCF.java</file>
            <file>file:/C:/Users/NiviPillay/Documents/NetBeansProjects/InvestecApp/src/investecapp/InvestecApp.java</file>
            <file>file:/C:/Users/NiviPillay/Documents/NetBeansProjects/InvestecApp/src/resources/addresses.json</file>
        </group>
    </open-files>
</project-private>
